{"cameraMode":{"drawMode":0,"name":"Shaded","section":"Shading Mode"},"sceneLighting":false,"audioPlay":false,"sceneViewState":{"m_AlwaysRefresh":false,"showFog":true,"showSkybox":true,"showFlares":true,"showImageEffects":true,"showParticleSystems":true,"showVisualEffectGraphs":true,"m_FxEnabled":true},"in2DMode":false,"pivot":{"x":3.5264101028442385,"y":0.8033400177955627,"z":-8.486499786376954},"rotation":{"x":0.040756963193416598,"y":-0.817736804485321,"z":0.05857710540294647,"w":0.5714429616928101},"size":0.5078820586204529,"orthographic":false}